Champion,player,position,games,Win_perc,Champion_Level,KDA,KPAR,DPM,CSPM,CS_at_10,Vision_Score_PM,Enemy_JG_CS,Lane_dif_10,games_total,unique_players,avg_game,wr_round,pick_prop,pick_prop_round,champ_role
Aatrox,Tenacity,Top,3,1,14.67,7.5,0.3802,516.67,8.6,80.33,0.71,5.67,2483.33,78,18,4.333333333,1,0.038461538,0.0385,Aatrox - Top
Aatrox,Rodov,Top,1,1,16,8,0.4,314.19,8.63,88,0.57,31,1424,78,18,4.333333333,1,0.012820513,0.0128,Aatrox - Top
Aatrox,Dragoon,Top,3,1,16,4.08,0.5541,547.64,5.34,52,0.87,2,-516.67,78,18,4.333333333,1,0.038461538,0.0385,Aatrox - Top
Aatrox,Aetheres,Top,3,1,15.67,2.33,0.4125,531.68,7.26,62.33,0.75,4,-1346.67,78,18,4.333333333,1,0.038461538,0.0385,Aatrox - Top
Aatrox,Tony Top,Top,6,0.8333,15.83,3.11,0.4803,439.29,7.09,70,0.92,4.17,26.33,78,18,4.333333333,0.8333,0.076923077,0.0769,Aatrox - Top
Aatrox,PieCakeLord,Top,8,0.75,16,3.88,0.5299,605.88,7.21,68.75,0.88,5,1009.5,78,18,4.333333333,0.75,0.102564103,0.1026,Aatrox - Top
Aatrox,Dinka,Top,10,0.7,16,4.79,0.5435,596.05,6.86,63.6,0.82,6.4,145.7,78,18,4.333333333,0.7,0.128205128,0.1282,Aatrox - Top
Aatrox,Niles,Top,3,0.6667,16.33,2.19,0.5288,524.39,6.59,75,1.09,2.67,-525.33,78,18,4.333333333,0.6667,0.038461538,0.0385,Aatrox - Top
Aatrox,Sunwoojung,Top,2,0.5,16,3.33,0.4596,334.37,6.25,58,1.13,0,42.5,78,18,4.333333333,0.5,0.025641026,0.0256,Aatrox - Top
Aatrox,Lawrence,Top,6,0.5,14,1.48,0.4159,571.93,6.67,63.83,0.83,1,-916.17,78,18,4.333333333,0.5,0.076923077,0.0769,Aatrox - Top
Aatrox,Brown Man Darius,Top,4,0.5,16,3.43,0.5578,502.02,6.76,64.25,0.8,1.25,371.25,78,18,4.333333333,0.5,0.051282051,0.0513,Aatrox - Top
Aatrox,TheRealPhilip,Top,9,0.3333,14.67,3.3,0.5396,515.01,6.4,67.89,0.75,0.67,-129.67,78,18,4.333333333,0.3333,0.115384615,0.1154,Aatrox - Top
Aatrox,Gible,Top,9,0.2222,15.78,1.81,0.5269,416.28,7.04,73.67,0.75,1.78,248.67,78,18,4.333333333,0.2222,0.115384615,0.1154,Aatrox - Top
Aatrox,Engo,Top,6,0.1667,15,1.95,0.6901,469.67,7.13,66.5,0.81,1.17,-116.17,78,18,4.333333333,0.1667,0.076923077,0.0769,Aatrox - Top
Aatrox,Srrty,Top,1,0,14,1.11,0.5263,548.22,4.68,36,1.01,4,-1295,78,18,4.333333333,0,0.012820513,0.0128,Aatrox - Top
Aatrox,Quas,Top,1,0,12,0.4,0.4,337.93,7.01,75,0.43,0,-844,78,18,4.333333333,0,0.012820513,0.0128,Aatrox - Top
Aatrox,CJ,Top,1,0,17,0.67,0.6667,282.6,6.57,50,0.98,0,-2278,78,18,4.333333333,0,0.012820513,0.0128,Aatrox - Top
Aatrox,A 5,Top,2,0,11.5,0.69,0.5786,296.04,5.99,51.5,0.76,0,-1498.5,78,18,4.333333333,0,0.025641026,0.0256,Aatrox - Top
Akali,InchesEvan,Top,1,1,17,1.13,0.3462,421.88,5.89,64,0.45,0,-1940,11,4,2.75,1,0.090909091,0.0909,Akali - Top
Akali,Aetheres,Top,5,0.6,15,2.24,0.5882,623.27,6.68,66.2,0.67,0.2,274,11,4,2.75,0.6,0.454545455,0.4545,Akali - Top
Akali,Sunwoojung,Top,4,0.25,15.5,1.79,0.4247,434.78,5.82,55.25,0.88,0.5,-981.5,11,4,2.75,0.25,0.363636364,0.3636,Akali - Top
Akali,Lawrence,Top,1,0,12,1.2,0.2857,328.64,4.38,37,0.69,0,-2636,11,4,2.75,0,0.090909091,0.0909,Akali - Top
Camille,T21 Kedeck,Top,1,1,15,4.5,0.4737,623.21,6.56,78,0.98,5,2908,33,10,3.3,1,0.03030303,0.0303,Camille - Top
Camille,Sunwoojung,Top,1,1,17,5,0.6667,1106.61,6.16,73,1.07,4,1504,33,10,3.3,1,0.03030303,0.0303,Camille - Top
Camille,Niles,Top,4,0.75,16.25,2.08,0.4302,482.28,6.85,70,0.96,7,721,33,10,3.3,0.75,0.121212121,0.1212,Camille - Top
Camille,PieCakeLord,Top,3,0.6667,16.67,3.71,0.7059,551.66,8.07,71,0.88,7,1036,33,10,3.3,0.6667,0.090909091,0.0909,Camille - Top
Camille,Eastan,Top,8,0.375,14.63,1.5,0.4566,475.36,6.52,59.75,0.78,1.63,-1720,33,10,3.3,0.375,0.242424242,0.2424,Camille - Top
Camille,Tony Top,Top,3,0.3333,17,1.8,0.5548,563.95,7.51,73.67,0.62,0,194.33,33,10,3.3,0.3333,0.090909091,0.0909,Camille - Top
Camille,Gible,Top,3,0.3333,15.67,3.44,0.699,462.09,6.71,64.67,1.14,5,-269,33,10,3.3,0.3333,0.090909091,0.0909,Camille - Top
Camille,Dinka,Top,3,0.3333,14.33,2.15,0.4618,481.23,6.7,59.33,0.83,2.67,448.33,33,10,3.3,0.3333,0.090909091,0.0909,Camille - Top
Camille,Aetheres,Top,6,0.3333,16.67,2.07,0.5611,682.64,7.95,73.5,0.82,5.5,264.5,33,10,3.3,0.3333,0.181818182,0.1818,Camille - Top
Camille,Srrty,Top,1,0,16,0.67,0.5455,506.34,6.57,52,0.67,0,-1028,33,10,3.3,0,0.03030303,0.0303,Camille - Top
Cassiopeia,Tenacity,Top,1,1,14,3,0.1765,341.59,8.76,79,0.81,9,798,1,1,1,1,1,1,Cassiopeia - Top
ChoGath,Brown Man Darius,Top,1,1,14,2,0.3636,465.34,5.24,53,0.7,0,-1626,1,1,1,1,1,1,ChoGath - Top
Darius,Dragoon,Top,6,0.8333,15.67,4.13,0.5082,498.42,7.4,66.17,0.64,2.83,371.17,11,2,5.5,0.8333,0.545454545,0.5455,Darius - Top
Darius,Brown Man Darius,Top,5,0.4,17,3.35,0.5496,436.44,7.78,73,0.9,2.6,18.8,11,2,5.5,0.4,0.454545455,0.4545,Darius - Top
Dr. Mundo,T21 Kedeck,Top,2,1,15.5,2.71,0.5717,634.52,7.45,83.5,0.62,2,875.5,2,1,2,1,1,1,Dr. Mundo - Top
Fiddlesticks,InchesEvan,Top,1,1,14,3,0.5217,349.52,4.43,61,0.98,0,-502,2,2,1,1,0.5,0.5,Fiddlesticks - Top
Fiddlesticks,Brown Man Darius,Top,1,0,14,1,0.7778,368.52,6.05,69,1.49,0,17,2,2,1,0,0.5,0.5,Fiddlesticks - Top
Fiora,Tony Top,Top,1,1,14,5,0.4688,517.39,6.5,62,0.59,4,323,9,6,1.5,1,0.111111111,0.1111,Fiora - Top
Fiora,Niles,Top,1,1,18,1.67,0.4167,555.92,8.54,67,0.97,8,194,9,6,1.5,1,0.111111111,0.1111,Fiora - Top
Fiora,Lawrence,Top,1,1,18,3.57,0.7143,957.43,7.89,77,0.71,6,1204,9,6,1.5,1,0.111111111,0.1111,Fiora - Top
Fiora,Brown Man Darius,Top,1,1,15,5,0.4167,594.34,6.94,61,0.94,0,1295,9,6,1.5,1,0.111111111,0.1111,Fiora - Top
Fiora,Eastan,Top,4,0.75,15.75,2.33,0.5061,564.05,6.62,59.75,0.82,5,-738.5,9,6,1.5,0.75,0.444444444,0.4444,Fiora - Top
Fiora,PieCakeLord,Top,1,0,17,1.5,0.5294,476.29,8.3,61,1.29,7,910,9,6,1.5,0,0.111111111,0.1111,Fiora - Top
Gangplank,T21 Kedeck,Top,1,1,16,1.75,0.4118,623.19,7.69,82,0.96,0,1717,77,18,4.277777778,1,0.012987013,0.013,Gangplank - Top
Gangplank,Rodov,Top,1,1,14,4.5,0.5294,655.95,7.4,77,0.57,0,-241,77,18,4.277777778,1,0.012987013,0.013,Gangplank - Top
Gangplank,PieCakeLord,Top,3,1,15,10,0.6977,643.84,7.97,80,0.75,0.33,625,77,18,4.277777778,1,0.038961039,0.039,Gangplank - Top
Gangplank,Eastan,Top,1,1,15,3.75,0.4167,676.4,6.84,66,0.69,0,2636,77,18,4.277777778,1,0.012987013,0.013,Gangplank - Top
Gangplank,Brown Man Darius,Top,2,1,17,7,0.6239,622.13,6.67,55,1.04,2,-1036,77,18,4.277777778,1,0.025974026,0.026,Gangplank - Top
Gangplank,Niles,Top,21,0.7619,15.9,3.18,0.5675,656.98,7.79,76.24,0.85,3.19,521,77,18,4.277777778,0.7619,0.272727273,0.2727,Gangplank - Top
Gangplank,Tenacity,Top,4,0.75,16.75,2.69,0.4729,694.24,8.01,70.25,0.74,9,537.5,77,18,4.277777778,0.75,0.051948052,0.0519,Gangplank - Top
Gangplank,Lawrence,Top,3,0.6667,16,3.8,0.574,701.87,7.94,62.33,0.71,0,-733.33,77,18,4.277777778,0.6667,0.038961039,0.039,Gangplank - Top
Gangplank,Gible,Top,4,0.5,16,3.06,0.595,638.02,6.72,61.25,0.86,1,-732,77,18,4.277777778,0.5,0.051948052,0.0519,Gangplank - Top
Gangplank,FallenBandit,Top,2,0.5,15.5,1.27,0.3321,450.68,6.98,59.5,0.79,0,-1236.5,77,18,4.277777778,0.5,0.025974026,0.026,Gangplank - Top
Gangplank,Engo,Top,2,0.5,16.5,2.55,0.5917,484.54,6.98,57,1.14,0,-1526.5,77,18,4.277777778,0.5,0.025974026,0.026,Gangplank - Top
Gangplank,Dragoon,Top,6,0.5,15.67,4.57,0.5595,598.67,7.16,62.33,0.72,1.67,151.67,77,18,4.277777778,0.5,0.077922078,0.0779,Gangplank - Top
Gangplank,Quas,Top,14,0.3571,15.07,2.58,0.5971,678.33,7.35,71.71,0.51,1,284.43,77,18,4.277777778,0.3571,0.181818182,0.1818,Gangplank - Top
Gangplank,Aetheres,Top,6,0.3333,15.83,2.26,0.6042,714.37,7.21,61,0.99,3.5,209.83,77,18,4.277777778,0.3333,0.077922078,0.0779,Gangplank - Top
Gangplank,Mateusz,Top,1,0,14,0.6,0.3333,516.99,7.57,87,0.65,0,-1629,77,18,4.277777778,0,0.012987013,0.013,Gangplank - Top
Gangplank,InchesEvan,Top,1,0,16,1.29,0.75,557.21,5.93,51,0.84,1,-906,77,18,4.277777778,0,0.012987013,0.013,Gangplank - Top
Gangplank,Dinka,Top,3,0,15.33,0.87,0.6071,461.67,8.27,66,0.65,0,-192,77,18,4.277777778,0,0.038961039,0.039,Gangplank - Top
Gangplank,A 5,Top,2,0,14,1.18,0.5192,680,6.28,54.5,0.56,0,-217.5,77,18,4.277777778,0,0.025974026,0.026,Gangplank - Top
Gnar,Quas,Top,8,0.875,14.75,6.13,0.5222,651.16,7.76,84,0.68,6.75,1306.75,19,5,3.8,0.875,0.421052632,0.4211,Gnar - Top
Gnar,InchesEvan,Top,2,0.5,12.5,2,0.3958,409.38,6.43,57,0.98,2,-1644,19,5,3.8,0.5,0.105263158,0.1053,Gnar - Top
Gnar,Engo,Top,6,0.5,15.67,2.5,0.4742,506.5,7.71,77,1.02,1.33,651.17,19,5,3.8,0.5,0.315789474,0.3158,Gnar - Top
Gnar,Aetheres,Top,2,0.5,17,2.11,0.4615,560.14,7.2,72.5,0.98,5,-961,19,5,3.8,0.5,0.105263158,0.1053,Gnar - Top
Gnar,Dinka,Top,1,0,14,1.33,0.3077,255.97,6.54,60,1.52,0,-254,19,5,3.8,0,0.052631579,0.0526,Gnar - Top
Graves,Brown Man Darius,Top,1,0,14,2,0.75,372.58,7.21,82,0.71,4,197,1,1,1,0,1,1,Graves - Top
Hecarim,TheRealPhilip,Top,5,1,14.6,4.7,0.4752,600.58,6,54.6,0.98,7.8,-924.6,12,5,2.4,1,0.416666667,0.4167,Hecarim - Top
Hecarim,Gible,Top,1,1,18,3.25,0.4483,361.76,7.02,79,0.82,9,392,12,5,2.4,1,0.083333333,0.0833,Hecarim - Top
Hecarim,Brown Man Darius,Top,1,1,16,5.67,0.7391,637.75,6.86,77,0.8,1,1380,12,5,2.4,1,0.083333333,0.0833,Hecarim - Top
Hecarim,Dinka,Top,4,0.5,14.25,2.28,0.4054,511.59,6.29,62,0.7,5.5,-640.25,12,5,2.4,0.5,0.333333333,0.3333,Hecarim - Top
Hecarim,PieCakeLord,Top,1,0,12,0.29,0.5,413.71,6.29,66,0.89,0,-1035,12,5,2.4,0,0.083333333,0.0833,Hecarim - Top
Illaoi,TheRealPhilip,Top,1,1,16,4.5,0.6923,1296.28,8.02,89,0.6,2,880,4,2,2,1,0.25,0.25,Illaoi - Top
Illaoi,Quas,Top,3,0.6667,14.67,4.57,0.4667,684.06,7.98,79,0.72,1.67,854,4,2,2,0.6667,0.75,0.75,Illaoi - Top
Irelia,Tenacity,Top,5,1,14,3.42,0.3892,443.12,9.58,88.8,0.74,5,1441.2,16,6,2.666666667,1,0.3125,0.3125,Irelia - Top
Irelia,Niles,Top,3,1,16.67,3.3,0.585,571.74,8.78,80.33,0.87,4.33,1648.33,16,6,2.666666667,1,0.1875,0.1875,Irelia - Top
Irelia,Sunwoojung,Top,4,0.75,14.75,2.82,0.4992,415.68,8.36,67.25,0.79,4.25,308,16,6,2.666666667,0.75,0.25,0.25,Irelia - Top
Irelia,Gible,Top,1,0,15,0.75,0.75,311.99,9.12,83,0.47,0,252,16,6,2.666666667,0,0.0625,0.0625,Irelia - Top
Irelia,Dinka,Top,1,0,15,1.67,0.7143,414.03,8.99,87,0.97,5,3159,16,6,2.666666667,0,0.0625,0.0625,Irelia - Top
Irelia,Aetheres,Top,2,0,14,0.93,0.5577,449.83,7.57,79,0.58,0,66,16,6,2.666666667,0,0.125,0.125,Irelia - Top
Jax,Brown Man Darius,Top,1,1,15,2.75,0.5238,328.74,5.79,55,1.07,0,-1387,11,4,2.75,1,0.090909091,0.0909,Jax - Top
Jax,Dragoon,Top,3,0.6667,15.33,2.8,0.4866,520.71,6.83,45,0.81,3.33,-1250,11,4,2.75,0.6667,0.272727273,0.2727,Jax - Top
Jax,Tenacity,Top,2,0.5,16,1.14,0.2917,562.18,8.16,60,0.62,11.5,-840,11,4,2.75,0.5,0.181818182,0.1818,Jax - Top
Jax,Tony Top,Top,5,0.2,15,1.45,0.3708,388.03,6.96,62,0.76,2.4,-318,11,4,2.75,0.2,0.454545455,0.4545,Jax - Top
Jayce,Rodov,Top,1,1,16,3.67,0.6471,757.25,7.25,75,1.16,0,-451,40,9,4.444444444,1,0.025,0.025,Jayce - Top
Jayce,Niles,Top,5,0.8,17,2.54,0.57,685.45,8.25,85.6,0.98,4.6,976.8,40,9,4.444444444,0.8,0.125,0.125,Jayce - Top
Jayce,Engo,Top,16,0.6875,15.31,3.42,0.5325,629,7.84,75.13,1.35,3.25,120.31,40,9,4.444444444,0.6875,0.4,0.4,Jayce - Top
Jayce,Aetheres,Top,3,0.6667,15.67,2.62,0.4333,689.51,7,68.67,0.92,7,718,40,9,4.444444444,0.6667,0.075,0.075,Jayce - Top
Jayce,Tenacity,Top,2,0.5,17,2.86,0.4048,531.11,9.26,83.5,0.91,4,1749,40,9,4.444444444,0.5,0.05,0.05,Jayce - Top
Jayce,TheRealPhilip,Top,5,0.4,14.2,2.2,0.5066,669.25,5.46,61.8,0.93,1.8,-622.6,40,9,4.444444444,0.4,0.125,0.125,Jayce - Top
Jayce,A 5,Top,5,0.2,13.6,1.17,0.581,619.62,6.73,69.6,0.86,0,614.6,40,9,4.444444444,0.2,0.125,0.125,Jayce - Top
Jayce,Sunwoojung,Top,1,0,15,1,0.4706,669.46,7.01,47,1.51,0,-3403,40,9,4.444444444,0,0.025,0.025,Jayce - Top
Jayce,Dinka,Top,2,0,15,1.89,0.692,653.95,7.72,74,0.9,4,638,40,9,4.444444444,0,0.05,0.05,Jayce - Top
Karma,Tony Top,Top,1,1,17,21,0.6774,625.11,7.39,84,1.3,0,1450,19,10,1.9,1,0.052631579,0.0526,Karma - Top
Karma,Tenacity,Top,1,1,16,3,0.4138,313.8,6.88,76,1.13,0,-498,19,10,1.9,1,0.052631579,0.0526,Karma - Top
Karma,PieCakeLord,Top,1,1,15,19,0.7917,427.79,5.05,69,1.32,0,11,19,10,1.9,1,0.052631579,0.0526,Karma - Top
Karma,TheRealPhilip,Top,7,0.4286,14.14,3.27,0.5995,457.84,5.57,62.86,0.88,0.29,-199.14,19,10,1.9,0.4286,0.368421053,0.3684,Karma - Top
Karma,Rodov,Top,3,0.3333,14.67,2.89,0.4087,498.5,6.55,70,0.91,2.67,448.33,19,10,1.9,0.3333,0.157894737,0.1579,Karma - Top
Karma,InchesEvan,Top,1,0,14,1.33,0.4444,314.95,5.48,59,0.47,0,-997,19,10,1.9,0,0.052631579,0.0526,Karma - Top
Karma,Engo,Top,1,0,13,2,0.9091,477.09,4.62,49,0.85,0,-1017,19,10,1.9,0,0.052631579,0.0526,Karma - Top
Karma,Dinka,Top,1,0,16,2.5,0.8333,457.1,6.49,64,0.94,0,-1396,19,10,1.9,0,0.052631579,0.0526,Karma - Top
Karma,CJSphinx,Top,1,0,13,1,0.5833,479.02,4.41,56,0.59,0,-1685,19,10,1.9,0,0.052631579,0.0526,Karma - Top
Karma,Aetheres,Top,2,0,15,1.8,0.6578,380.09,5.76,65.5,0.94,0,-542.5,19,10,1.9,0,0.105263158,0.1053,Karma - Top
Kayle,T21 Kedeck,Top,1,1,15,4,0.5926,643.29,7.27,65,0.99,3,-1445,17,6,2.833333333,1,0.058823529,0.0588,Kayle - Top
Kayle,Tony Top,Top,3,0.6667,16.67,3.33,0.6239,448.79,8.59,68.33,1.01,5,-699.33,17,6,2.833333333,0.6667,0.176470588,0.1765,Kayle - Top
Kayle,Niles,Top,4,0.5,17,2.62,0.6528,529.4,8.43,67.5,1.14,4.5,-763.5,17,6,2.833333333,0.5,0.235294118,0.2353,Kayle - Top
Kayle,Engo,Top,6,0.5,15.83,3.28,0.4982,591.5,8.34,77.83,1.07,4.17,-537.67,17,6,2.833333333,0.5,0.352941176,0.3529,Kayle - Top
Kayle,Aetheres,Top,2,0.5,15.5,1.91,0.6218,566.11,7.87,85.5,0.73,2,-80,17,6,2.833333333,0.5,0.117647059,0.1176,Kayle - Top
Kayle,Gible,Top,1,0,17,1.5,0.4737,407.22,6.9,56,0.59,0,-1297,17,6,2.833333333,0,0.058823529,0.0588,Kayle - Top
Kennen,Rodov,Top,1,1,17,14,0.5185,448.75,7.09,67,0.85,0,-933,16,8,2,1,0.0625,0.0625,Kennen - Top
Kennen,FallenBandit,Top,1,1,17,8,0.5517,620.06,6.04,47,1.05,0,-989,16,8,2,1,0.0625,0.0625,Kennen - Top
Kennen,Aetheres,Top,2,0.5,16,2.55,0.6301,1045.53,6.6,70,1.03,3.5,349.5,16,8,2,0.5,0.125,0.125,Kennen - Top
Kennen,A 5,Top,6,0.1667,14,2.08,0.6101,568.04,6.44,59.67,0.79,0,-655,16,8,2,0.1667,0.375,0.375,Kennen - Top
Kennen,Tony Top,Top,3,0,15.67,1.8,0.5033,458.25,7.17,69.67,0.87,0,759.67,16,8,2,0,0.1875,0.1875,Kennen - Top
Kennen,Sunwoojung,Top,1,0,16,2.67,0.7273,280.01,7.36,71,1.09,0,-606,16,8,2,0,0.0625,0.0625,Kennen - Top
Kennen,Shamwow,Top,1,0,16,1.25,0.4167,510.99,8.03,80,0.63,0,1870,16,8,2,0,0.0625,0.0625,Kennen - Top
Kennen,Brown Man Darius,Top,1,0,13,1.5,0.6667,440.99,6.6,71,0.52,0,-1219,16,8,2,0,0.0625,0.0625,Kennen - Top
Kled,Niles,Top,1,1,15,18,0.6207,590.44,6.39,63,1.2,12,-238,2,2,1,1,0.5,0.5,Kled - Top
Kled,Aetheres,Top,1,0,12,1.5,0.75,282.46,6.97,62,0.55,0,-97,2,2,1,0,0.5,0.5,Kled - Top
Lucian,Tony Top,Top,1,1,18,2.5,0.7143,893.83,7.77,75,1.03,12,877,8,7,1.142857143,1,0.125,0.125,Lucian - Top
Lucian,TheRealPhilip,Top,1,1,16,13,0.5,716.59,7.09,64,0.93,6,2030,8,7,1.142857143,1,0.125,0.125,Lucian - Top
Lucian,Tenacity,Top,2,1,17,1.82,0.4456,588.28,9.27,78.5,1.24,11,-1008.5,8,7,1.142857143,1,0.25,0.25,Lucian - Top
Lucian,Srrty,Top,1,0,18,0.89,0.6154,792.57,8.29,75,1.23,1,972,8,7,1.142857143,0,0.125,0.125,Lucian - Top
Lucian,PieCakeLord,Top,1,0,16,0.63,0.3333,676.58,7.61,69,1.02,1,685,8,7,1.142857143,0,0.125,0.125,Lucian - Top
Lucian,Lawrence,Top,1,0,17,2.56,0.6216,1039.06,6.39,70,2.02,0,2651,8,7,1.142857143,0,0.125,0.125,Lucian - Top
Lucian,Dinka,Top,1,0,15,1.4,1,512.24,7.94,62,1.13,0,1637,8,7,1.142857143,0,0.125,0.125,Lucian - Top
Lulu,Tony Top,Top,2,0.5,16,5,0.7417,290.69,5.83,73.5,0.91,0,1187,2,1,2,0.5,1,1,Lulu - Top
Malphite,Tenacity,Top,1,1,15,3,0.4615,395.01,7.54,65,0.93,0,330,28,16,1.75,1,0.035714286,0.0357,Malphite - Top
Malphite,Sunwoojung,Top,1,1,13,1.5,0.1579,534.17,5.27,46,0.69,0,-1641,28,16,1.75,1,0.035714286,0.0357,Malphite - Top
Malphite,Gible,Top,1,1,16,4,0.5,679.68,6.45,76,0.71,0,1088,28,16,1.75,1,0.035714286,0.0357,Malphite - Top
Malphite,FallenBandit,Top,1,1,17,3.8,0.6786,524.52,5.42,61,0.87,0,1230,28,16,1.75,1,0.035714286,0.0357,Malphite - Top
Malphite,Quas,Top,5,0.8,13.6,6.45,0.6425,525.85,5.62,59.8,0.58,1,-150.8,28,16,1.75,0.8,0.178571429,0.1786,Malphite - Top
Malphite,T21 Kedeck,Top,3,0.6667,13,2.8,0.3228,311.63,3.76,39.33,0.72,0.33,-3124.67,28,16,1.75,0.6667,0.107142857,0.1071,Malphite - Top
Malphite,TheRealPhilip,Top,2,0.5,16,2,0.4461,393.71,5.06,59.5,0.75,0,-1519,28,16,1.75,0.5,0.071428571,0.0714,Malphite - Top
Malphite,PieCakeLord,Top,2,0.5,15,2.88,0.7183,428.8,7.45,71.5,0.75,4,2221.5,28,16,1.75,0.5,0.071428571,0.0714,Malphite - Top
Malphite,Rodov,Top,1,0,15,2.38,0.7308,622.46,3.8,66,0.63,0,-599,28,16,1.75,0,0.035714286,0.0357,Malphite - Top
Malphite,InchesEvan,Top,2,0,12.5,0.92,0.5,428.52,5.5,55.5,0.81,0,-248.5,28,16,1.75,0,0.071428571,0.0714,Malphite - Top
Malphite,Engo,Top,3,0,14.33,1.67,0.509,411.61,5.89,59,0.93,0,-1175.67,28,16,1.75,0,0.107142857,0.1071,Malphite - Top
Malphite,Dragoon,Top,1,0,17,2.4,0.75,441.18,5.26,54,0.98,0,1377,28,16,1.75,0,0.035714286,0.0357,Malphite - Top
Malphite,Dinka,Top,1,0,16,0.75,0.2727,514.99,8.58,74,0.7,0,-697,28,16,1.75,0,0.035714286,0.0357,Malphite - Top
Malphite,CJSphinx,Top,1,0,15,2.25,0.6,456.67,4.24,32,0.69,0,-1023,28,16,1.75,0,0.035714286,0.0357,Malphite - Top
Malphite,Brown Man Darius,Top,2,0,15,0.89,0.4,289.76,5.39,53.5,0.69,0,-1610,28,16,1.75,0,0.071428571,0.0714,Malphite - Top
Malphite,Aetheres,Top,1,0,16,1.75,0.5833,616.3,6.63,62,0.81,0,1808,28,16,1.75,0,0.035714286,0.0357,Malphite - Top
Maokai,XQC ALPHA SNIPER,Top,1,1,16,2.4,0.5217,534.76,4.35,60,0.72,0,-949,25,15,1.666666667,1,0.04,0.04,Maokai - Top
Maokai,Topopotamus,Top,2,1,16,7,0.6614,441.15,5.88,61,1.06,0.5,-470,25,15,1.666666667,1,0.08,0.08,Maokai - Top
Maokai,Shamwow,Top,1,1,15,16,0.5517,392.79,5.81,74,0.53,0,2226,25,15,1.666666667,1,0.04,0.04,Maokai - Top
Maokai,Engo,Top,1,1,14,2.14,0.7143,615.92,4.82,38,1.08,0,-272,25,15,1.666666667,1,0.04,0.04,Maokai - Top
Maokai,Brown Man Darius,Top,3,0.6667,14.33,2.76,0.5947,515.33,4.91,57,0.75,1.33,-134.67,25,15,1.666666667,0.6667,0.12,0.12,Maokai - Top
Maokai,Dragoon,Top,2,0.5,15,2.33,0.5769,559.36,5.51,50,0.83,2,-687.5,25,15,1.666666667,0.5,0.08,0.08,Maokai - Top
Maokai,Dinka,Top,2,0.5,15.5,2.38,0.4928,529.53,6.4,60,0.79,0,62.5,25,15,1.666666667,0.5,0.08,0.08,Maokai - Top
Maokai,Niles,Top,3,0.3333,14,2.09,0.5174,413.59,5.4,58.67,0.78,0,-1536.33,25,15,1.666666667,0.3333,0.12,0.12,Maokai - Top
Maokai,Eastan,Top,3,0.3333,11.67,1.2,0.3157,409.27,5.51,66,0.52,0,-642.67,25,15,1.666666667,0.3333,0.12,0.12,Maokai - Top
Maokai,TheRealPhilip,Top,1,0,13,0.14,0.5,495,5.47,64,0.78,0,238,25,15,1.666666667,0,0.04,0.04,Maokai - Top
Maokai,Tenacity,Top,1,0,14,2.83,0.8947,560.31,6.02,61,1.57,4,2176,25,15,1.666666667,0,0.04,0.04,Maokai - Top
Maokai,Mateusz,Top,1,0,14,2.75,0.7333,581.58,6.45,67,0.66,0,341,25,15,1.666666667,0,0.04,0.04,Maokai - Top
Maokai,InchesEvan,Top,1,0,15,0.83,0.4545,436.98,5.08,61,1.06,0,-797,25,15,1.666666667,0,0.04,0.04,Maokai - Top
Maokai,Aetheres,Top,2,0,14,1.5,0.5635,451.79,5.72,56,0.88,0,-768,25,15,1.666666667,0,0.08,0.08,Maokai - Top
Maokai,A 5,Top,1,0,15,2,0.4,409.52,7.76,66,0.65,0,-827,25,15,1.666666667,0,0.04,0.04,Maokai - Top
Mordekaiser,Tony Top,Top,1,1,16,4,0.4444,574.54,6.88,75,0.81,4,12,30,15,2,1,0.033333333,0.0333,Mordekaiser - Top
Mordekaiser,TheRealPhilip,Top,1,1,16,3,0.4286,570.23,6.35,76,1.06,8,943,30,15,2,1,0.033333333,0.0333,Mordekaiser - Top
Mordekaiser,Tenacity,Top,3,1,17,5.14,0.5557,479.82,9.04,84,0.82,12,894.33,30,15,2,1,0.1,0.1,Mordekaiser - Top
Mordekaiser,Sunwoojung,Top,1,1,14,10,0.4762,364.01,7.67,66,0.97,0,-160,30,15,2,1,0.033333333,0.0333,Mordekaiser - Top
Mordekaiser,Lawrence,Top,1,1,13,4.5,0.45,578.29,6.61,69,0.6,6,-699,30,15,2,1,0.033333333,0.0333,Mordekaiser - Top
Mordekaiser,Dragoon,Top,2,1,17,5.4,0.4901,563.95,6.73,73.5,0.86,6.5,1267.5,30,15,2,1,0.066666667,0.0667,Mordekaiser - Top
Mordekaiser,Dinka,Top,6,0.8333,16.67,4.87,0.5782,624.24,7.61,75.17,0.89,1.5,853.67,30,15,2,0.8333,0.2,0.2,Mordekaiser - Top
Mordekaiser,T21 Kedeck,Top,2,0.5,13.5,1.27,0.3571,463.63,6.08,56,0.76,2,-870.5,30,15,2,0.5,0.066666667,0.0667,Mordekaiser - Top
Mordekaiser,Aetheres,Top,2,0.5,16.5,1.75,0.5522,685.58,6.98,76,1.05,2.5,854.5,30,15,2,0.5,0.066666667,0.0667,Mordekaiser - Top
Mordekaiser,Gible,Top,3,0.3333,15,1.3,0.3952,539.48,7.66,78,0.64,0.33,1022,30,15,2,0.3333,0.1,0.1,Mordekaiser - Top
Mordekaiser,Brown Man Darius,Top,4,0.25,14.75,1.68,0.4573,428.87,6.67,70.25,0.73,2.25,113.5,30,15,2,0.25,0.133333333,0.1333,Mordekaiser - Top
Mordekaiser,Rodov,Top,1,0,17,1.14,0.5714,672.55,7.71,83,0.49,4,1955,30,15,2,0,0.033333333,0.0333,Mordekaiser - Top
Mordekaiser,K?kvin,Top,1,0,13,0.5,0.3,339.61,6.51,69,0.45,0,-1255,30,15,2,0,0.033333333,0.0333,Mordekaiser - Top
Mordekaiser,Engo,Top,1,0,11,0,0,316.06,6.76,64,0.69,0,-2359,30,15,2,0,0.033333333,0.0333,Mordekaiser - Top
Mordekaiser,A 5,Top,1,0,13,1.14,0.5714,516.47,5.53,60,0.51,0,-2209,30,15,2,0,0.033333333,0.0333,Mordekaiser - Top
Nasus,InchesEvan,Top,1,1,16,6,0.6316,459.76,6.08,57,0.62,0,-1465,1,1,1,1,1,1,Nasus - Top
Neeko,XQC ALPHA SNIPER,Top,2,0,13.5,0.91,0.4524,607.1,6.45,70,0.86,0,-381,2,1,2,0,1,1,Neeko - Top
Nocturne,Rodov,Top,1,0,16,2.25,0.75,597.97,7.48,82,1.12,0,1310,1,1,1,0,1,1,Nocturne - Top
Olaf,Lawrence,Top,1,1,16,5.4,0.7105,704.22,5.7,1,1.2,13,1670,1,1,1,1,1,1,Olaf - Top
Ornn,Tenacity,Top,1,1,17,15,0.625,422.73,7.09,70,1.53,0,-330,166,26,6.384615385,1,0.006024096,0.006,Ornn - Top
Ornn,FallenBandit,Top,3,1,16.67,9.83,0.7101,458.08,5.69,59.33,1.03,0.67,274.33,166,26,6.384615385,1,0.018072289,0.0181,Ornn - Top
Ornn,Aetheres,Top,17,0.7647,15.88,3.35,0.6144,519.85,6.02,62.29,0.79,0.71,-228,166,26,6.384615385,0.7647,0.102409639,0.1024,Ornn - Top
Ornn,Niles,Top,13,0.6923,14.31,2.51,0.5333,396.93,6,65.77,0.87,0.77,-335.31,166,26,6.384615385,0.6923,0.078313253,0.0783,Ornn - Top
Ornn,PieCakeLord,Top,12,0.6667,15.08,2.44,0.6636,451.29,6.24,62.67,0.85,0.42,-209.92,166,26,6.384615385,0.6667,0.072289157,0.0723,Ornn - Top
Ornn,Engo,Top,16,0.625,15.63,3.33,0.5208,418.33,6.84,70.38,1.11,0.94,365.88,166,26,6.384615385,0.625,0.096385542,0.0964,Ornn - Top
Ornn,Quas,Top,7,0.5714,15.14,3,0.4809,508.57,6.57,71.14,0.65,3.57,225,166,26,6.384615385,0.5714,0.042168675,0.0422,Ornn - Top
Ornn,Rodov,Top,6,0.5,14.67,2.21,0.526,365.9,6.81,72.83,0.6,0,64.67,166,26,6.384615385,0.5,0.036144578,0.0361,Ornn - Top
Ornn,Dragoon,Top,6,0.5,14.67,3.63,0.6171,453.84,6.25,66.67,0.76,0,-554.5,166,26,6.384615385,0.5,0.036144578,0.0361,Ornn - Top
Ornn,Gible,Top,11,0.4545,13.91,2.29,0.5477,386.5,6.49,62.36,0.66,0.55,-397.09,166,26,6.384615385,0.4545,0.06626506,0.0663,Ornn - Top
Ornn,Tony Top,Top,5,0.4,15.4,3.1,0.4099,342.77,6.8,72.6,0.88,0,63,166,26,6.384615385,0.4,0.030120482,0.0301,Ornn - Top
Ornn,TheRealPhilip,Top,15,0.4,14.93,2.9,0.5516,361.35,5.87,64,0.81,0.13,-262.87,166,26,6.384615385,0.4,0.090361446,0.0904,Ornn - Top
Ornn,Topopotamus,Top,3,0.3333,15.67,1.3,0.3795,238.98,6.74,60.67,0.77,0,-1230.33,166,26,6.384615385,0.3333,0.018072289,0.0181,Ornn - Top
Ornn,T21 Kedeck,Top,3,0.3333,12.33,1.44,0.4727,371.13,4.94,54,0.43,0,-1403.33,166,26,6.384615385,0.3333,0.018072289,0.0181,Ornn - Top
Ornn,CJ,Top,3,0.3333,15.33,2.55,0.547,426.88,6.29,67.67,0.78,0,-465.67,166,26,6.384615385,0.3333,0.018072289,0.0181,Ornn - Top
Ornn,Sunwoojung,Top,5,0.2,14,1.78,0.4546,352.45,6.16,61,0.73,0,-204.2,166,26,6.384615385,0.2,0.030120482,0.0301,Ornn - Top
Ornn,A 5,Top,5,0.2,14.4,3.13,0.5158,448.32,7.27,74.2,0.78,1,927.2,166,26,6.384615385,0.2,0.030120482,0.0301,Ornn - Top
Ornn,Lawrence,Top,7,0.1429,13,1.37,0.5205,418.79,5.81,62.86,0.77,0.57,-563,166,26,6.384615385,0.1429,0.042168675,0.0422,Ornn - Top
Ornn,Dinka,Top,7,0.1429,15.57,1.59,0.4432,348.35,6.76,62.14,0.79,0.43,-449.29,166,26,6.384615385,0.1429,0.042168675,0.0422,Ornn - Top
Ornn,InchesEvan,Top,13,0.0769,14.31,1.81,0.5442,390.41,5.7,62.08,0.74,0.31,-915.92,166,26,6.384615385,0.0769,0.078313253,0.0783,Ornn - Top
Ornn,Srrty,Top,1,0,14,1.5,0.6,397.53,7.26,60,0.41,0,-619,166,26,6.384615385,0,0.006024096,0.006,Ornn - Top
Ornn,Mateusz,Top,1,0,14,1.67,0.8333,311.1,7.35,68,0.53,0,-943,166,26,6.384615385,0,0.006024096,0.006,Ornn - Top
Ornn,K?kvin,Top,1,0,13,0.8,0.6667,234.12,5.64,62,0.49,0,-2677,166,26,6.384615385,0,0.006024096,0.006,Ornn - Top
Ornn,Eastan,Top,1,0,16,2.43,0.5313,447.33,5.38,62,0.84,0,-1204,166,26,6.384615385,0,0.006024096,0.006,Ornn - Top
Ornn,CJSphinx,Top,2,0,14,0.44,0.3714,379.54,5.58,58,0.58,0,-1455,166,26,6.384615385,0,0.012048193,0.012,Ornn - Top
Ornn,Brown Man Darius,Top,2,0,15,2.25,0.6058,422.8,5.78,65.5,0.64,2,-80.5,166,26,6.384615385,0,0.012048193,0.012,Ornn - Top
Poppy,Topopotamus,Top,1,1,13,2.33,0.28,194.46,6,43,0.61,2,-2613,10,6,1.666666667,1,0.1,0.1,Poppy - Top
Poppy,Sunwoojung,Top,1,1,16,5.5,0.44,529.12,4.94,50,1.2,0,365,10,6,1.666666667,1,0.1,0.1,Poppy - Top
Poppy,Gible,Top,4,0.25,15.25,1.79,0.5853,441.11,5.85,56,0.69,0,-255,10,6,1.666666667,0.25,0.4,0.4,Poppy - Top
Poppy,TheRealPhilip,Top,1,0,13,1.5,0.4286,251.84,6.63,76,0.93,4,262,10,6,1.666666667,0,0.1,0.1,Poppy - Top
Poppy,Shamwow,Top,1,0,16,2.25,0.5,438.87,6.18,57,1.17,0,-99,10,6,1.666666667,0,0.1,0.1,Poppy - Top
Poppy,Engo,Top,2,0,14,1.56,0.5298,366.98,6.59,55.5,0.77,0,-1023,10,6,1.666666667,0,0.2,0.2,Poppy - Top
Renekton,Tony Top,Top,5,1,15,2.82,0.3588,365.86,8.03,79.6,0.95,0.6,375.8,48,14,3.428571429,1,0.104166667,0.1042,Renekton - Top
Renekton,Niles,Top,2,1,16.5,2.57,0.5404,522.96,8.04,84,0.95,8.5,395.5,48,14,3.428571429,1,0.041666667,0.0417,Renekton - Top
Renekton,Dragoon,Top,1,1,15,4.5,0.5,531.37,6.56,80,1,0,933,48,14,3.428571429,1,0.020833333,0.0208,Renekton - Top
Renekton,TheRealPhilip,Top,6,0.8333,13.67,6.33,0.5101,393.45,6.67,65.5,0.77,0.67,798.67,48,14,3.428571429,0.8333,0.125,0.125,Renekton - Top
Renekton,Sunwoojung,Top,4,0.75,16.75,2.53,0.4778,391.6,7.19,72,1.21,4.75,-343.75,48,14,3.428571429,0.75,0.083333333,0.0833,Renekton - Top
Renekton,Quas,Top,2,0.5,15,2.38,0.2317,478.11,8.87,85.5,0.75,7,1209,48,14,3.428571429,0.5,0.041666667,0.0417,Renekton - Top
Renekton,Gible,Top,2,0.5,17,8,0.675,396.2,8.05,64.5,0.96,2,-142.5,48,14,3.428571429,0.5,0.041666667,0.0417,Renekton - Top
Renekton,T21 Kedeck,Top,3,0.3333,14.67,1.43,0.4153,488.52,6.26,69,0.88,0,1922.33,48,14,3.428571429,0.3333,0.0625,0.0625,Renekton - Top
Renekton,Dinka,Top,3,0.3333,14.67,2.08,0.4821,462.99,6.76,62.67,0.96,1.33,-665.33,48,14,3.428571429,0.3333,0.0625,0.0625,Renekton - Top
Renekton,Aetheres,Top,9,0.3333,16.44,2.05,0.6077,513.1,7.55,72.56,0.92,4.33,695.44,48,14,3.428571429,0.3333,0.1875,0.1875,Renekton - Top
Renekton,Eastan,Top,6,0.1667,15.5,1.42,0.4869,396.91,6.47,70.67,0.81,1.33,471.33,48,14,3.428571429,0.1667,0.125,0.125,Renekton - Top
Renekton,XQC ALPHA SNIPER,Top,2,0,12,0.38,0.3611,347.04,7.02,69,0.8,0,580,48,14,3.428571429,0,0.041666667,0.0417,Renekton - Top
Renekton,Rodov,Top,1,0,18,0.4,0.4,283.33,8.89,74,1.08,0,502,48,14,3.428571429,0,0.020833333,0.0208,Renekton - Top
Renekton,Engo,Top,2,0,10.5,0.33,0.225,295.39,6.44,60,0.96,0,-2237,48,14,3.428571429,0,0.041666667,0.0417,Renekton - Top
Riven,Aetheres,Top,1,1,17,3.5,0.3684,493.69,9.06,73,0.9,8,1867,1,1,1,1,1,1,Riven - Top
Rumble,Rodov,Top,4,0.75,15,3.86,0.5608,794.84,6.41,73.25,0.78,2.25,478.75,10,4,2.5,0.75,0.4,0.4,Rumble - Top
Rumble,TheRealPhilip,Top,3,0.6667,14.67,3.73,0.4858,540.03,6.08,67,0.7,4.67,-565.67,10,4,2.5,0.6667,0.3,0.3,Rumble - Top
Rumble,Quas,Top,2,0.5,15.5,5,0.7102,640.45,7.57,78.5,0.82,1,1191,10,4,2.5,0.5,0.2,0.2,Rumble - Top
Rumble,Engo,Top,1,0,18,2,0.7692,605.58,6.84,66,1.19,0,427,10,4,2.5,0,0.1,0.1,Rumble - Top
Ryze,TheRealPhilip,Top,2,1,15,5.5,0.3681,673.96,8.32,75,0.85,8.5,988.5,9,6,1.5,1,0.222222222,0.2222,Ryze - Top
Ryze,Niles,Top,1,1,16,3,0.4,519.31,9.34,80,0.97,1,-262,9,6,1.5,1,0.111111111,0.1111,Ryze - Top
Ryze,Tenacity,Top,2,0.5,15,3,0.3801,461.57,9.87,76.5,0.83,3.5,742.5,9,6,1.5,0.5,0.222222222,0.2222,Ryze - Top
Ryze,Brown Man Darius,Top,2,0.5,14,1.3,0.5985,443.34,7.43,58.5,1.04,1,820,9,6,1.5,0.5,0.222222222,0.2222,Ryze - Top
Ryze,PieCakeLord,Top,1,0,16,1,0.4,370.75,9.36,83,0.53,4,-22,9,6,1.5,0,0.111111111,0.1111,Ryze - Top
Ryze,Engo,Top,1,0,15,2,0.381,473.2,7.3,51,0.84,5,-1221,9,6,1.5,0,0.111111111,0.1111,Ryze - Top
Sett,Quas,Top,2,1,14,4.5,0.5254,754.65,7.38,77,0.61,1,1646,82,20,4.1,1,0.024390244,0.0244,Sett - Top
Sett,Rodov,Top,12,0.8333,15.17,3.1,0.4248,587.64,7.19,76.25,0.72,2.17,880.33,82,20,4.1,0.8333,0.146341463,0.1463,Sett - Top
Sett,Sunwoojung,Top,7,0.7143,15.86,3.11,0.6011,510.65,5.89,61,1.05,0.57,13.43,82,20,4.1,0.7143,0.085365854,0.0854,Sett - Top
Sett,Niles,Top,7,0.7143,15,2.73,0.5666,506.42,6.73,70.71,0.84,2.29,536.86,82,20,4.1,0.7143,0.085365854,0.0854,Sett - Top
Sett,Aetheres,Top,7,0.7143,15.29,2.32,0.4153,524.21,6.65,70.29,0.86,0.29,641.86,82,20,4.1,0.7143,0.085365854,0.0854,Sett - Top
Sett,Tony Top,Top,3,0.6667,14,1.06,0.4032,433.85,6.28,71.33,0.66,0.33,160,82,20,4.1,0.6667,0.036585366,0.0366,Sett - Top
Sett,PieCakeLord,Top,9,0.6667,15.56,2.83,0.6131,588.06,6.55,63.78,0.82,2.89,591.11,82,20,4.1,0.6667,0.109756098,0.1098,Sett - Top
Sett,Lawrence,Top,12,0.5833,14.75,1.74,0.4605,630.47,6.14,66.08,0.86,3.25,398.08,82,20,4.1,0.5833,0.146341463,0.1463,Sett - Top
Sett,InchesEvan,Top,2,0.5,15,1,0.3957,476.06,5.99,59,0.74,0,-302,82,20,4.1,0.5,0.024390244,0.0244,Sett - Top
Sett,Gible,Top,5,0.4,14.6,1.78,0.5131,443.47,6.43,63.2,0.77,0.2,-404.4,82,20,4.1,0.4,0.06097561,0.061,Sett - Top
Sett,Dragoon,Top,4,0.25,15,1.95,0.4292,531.52,5.61,67.25,0.81,0,130,82,20,4.1,0.25,0.048780488,0.0488,Sett - Top
Sett,XQC ALPHA SNIPER,Top,1,0,15,1.33,0.4,826.88,5.79,53,0.55,0,-977,82,20,4.1,0,0.012195122,0.0122,Sett - Top
Sett,Tenacity,Top,1,0,11,0.25,0.5,226.25,7.42,70,0.35,0,-440,82,20,4.1,0,0.012195122,0.0122,Sett - Top
Sett,T21 Kedeck,Top,1,0,13,0.33,0.3333,443.72,5.04,63,0.78,0,-740,82,20,4.1,0,0.012195122,0.0122,Sett - Top
Sett,Srrty,Top,2,0,15,0.57,0.2591,411.71,6.6,67.5,0.9,6.5,1119.5,82,20,4.1,0,0.024390244,0.0244,Sett - Top
Sett,K?kvin,Top,2,0,14,0.67,0.4526,302.83,6.7,73.5,0.76,3,-227.5,82,20,4.1,0,0.024390244,0.0244,Sett - Top
Sett,Dinka,Top,1,0,15,0.71,0.5,352.72,7.15,72,0.87,0,-472,82,20,4.1,0,0.012195122,0.0122,Sett - Top
Sett,CJSphinx,Top,1,0,12,0.25,0.5,496.13,5.66,69,0.78,0,-558,82,20,4.1,0,0.012195122,0.0122,Sett - Top
Sett,CJ,Top,1,0,15,1.4,0.5385,519.15,6.3,65,1.46,8,-543,82,20,4.1,0,0.012195122,0.0122,Sett - Top
Sett,Brown Man Darius,Top,2,0,16,1.17,0.4458,524.19,6.17,57.5,1.09,2,-394.5,82,20,4.1,0,0.024390244,0.0244,Sett - Top
Shen,Quas,Top,4,0.5,15.75,4.06,0.6485,536.76,6.5,64.5,0.67,4,930.5,14,5,2.8,0.5,0.285714286,0.2857,Shen - Top
Shen,T21 Kedeck,Top,7,0.2857,14.14,2.13,0.4729,358.6,5.48,59.14,0.65,1.14,-866.43,14,5,2.8,0.2857,0.5,0.5,Shen - Top
Shen,PieCakeLord,Top,1,0,15,2.25,0.8182,415.66,5.43,48,0.73,0,-1717,14,5,2.8,0,0.071428571,0.0714,Shen - Top
Shen,FallenBandit,Top,1,0,16,1.4,0.7778,447.48,7.46,61,1.07,0,-336,14,5,2.8,0,0.071428571,0.0714,Shen - Top
Shen,Aetheres,Top,1,0,14,1.11,0.7143,449.45,4.57,51,1.35,0,-322,14,5,2.8,0,0.071428571,0.0714,Shen - Top
Singed,T21 Kedeck,Top,1,1,16,17,0.5667,533.32,8.81,71,0.99,1,2608,4,3,1.333333333,1,0.25,0.25,Singed - Top
Singed,Mateusz,Top,2,0,16.5,3,0.7105,441.32,6.19,58.5,0.77,0,-156,4,3,1.333333333,0,0.5,0.5,Singed - Top
Singed,InchesEvan,Top,1,0,13,2,0.5,342.63,5.12,57,0.87,0,-933,4,3,1.333333333,0,0.25,0.25,Singed - Top
Sion,Topopotamus,Top,1,1,16,3,0.5714,335.14,6.8,66,1.08,0,1010,7,5,1.4,1,0.142857143,0.1429,Sion - Top
Sion,Rodov,Top,2,1,13.5,5.8,0.5648,446.04,7.21,76,0.84,0,1123.5,7,5,1.4,1,0.285714286,0.2857,Sion - Top
Sion,Quas,Top,1,1,17,2.33,0.6087,568.82,5.17,79,0.45,2,1138,7,5,1.4,1,0.142857143,0.1429,Sion - Top
Sion,T21 Kedeck,Top,2,0,13.5,0.73,0.3818,354.35,6.17,61.5,0.53,0,-617.5,7,5,1.4,0,0.285714286,0.2857,Sion - Top
Sion,InchesEvan,Top,1,0,14,1,0.3333,288.76,5.85,64,0.65,0,-1837,7,5,1.4,0,0.142857143,0.1429,Sion - Top
Soraka,Dinka,Top,1,1,16,3.67,0.6111,389.32,3.87,48,1.19,2,-507,9,3,3,1,0.111111111,0.1111,Soraka - Top
Soraka,Eastan,Top,7,0.2857,13.29,2.09,0.6407,264.89,3.98,51.29,0.79,0,-1455,9,3,3,0.2857,0.777777778,0.7778,Soraka - Top
Soraka,Topopotamus,Top,1,0,14,1,0.3333,250.93,4.51,70,0.6,0,462,9,3,3,0,0.111111111,0.1111,Soraka - Top
Sylas,Tony Top,Top,1,1,16,5.33,0.8421,537.36,5.55,53,0.78,0,-372,15,8,1.875,1,0.066666667,0.0667,Sylas - Top
Sylas,Rodov,Top,1,1,14,1,0.1667,354.5,7.21,75,1.06,0,-147,15,8,1.875,1,0.066666667,0.0667,Sylas - Top
Sylas,Dragoon,Top,4,0.75,14.25,3.45,0.4849,587.06,5.92,56.75,0.69,0.75,44.75,15,8,1.875,0.75,0.266666667,0.2667,Sylas - Top
Sylas,Tenacity,Top,3,0.6667,16.33,2.29,0.4989,596.85,7.79,73,0.9,3.33,434,15,8,1.875,0.6667,0.2,0.2,Sylas - Top
Sylas,PieCakeLord,Top,1,0,18,1.86,0.6842,415.02,5.85,78,0.92,0,3447,15,8,1.875,0,0.066666667,0.0667,Sylas - Top
Sylas,Niles,Top,2,0,16,1.33,0.6645,430.61,5.45,67,0.9,0,-343.5,15,8,1.875,0,0.133333333,0.1333,Sylas - Top
Sylas,Dinka,Top,1,0,15,2.6,0.6842,611.32,6.22,40,0.75,0,-1010,15,8,1.875,0,0.066666667,0.0667,Sylas - Top
Sylas,A 5,Top,2,0,13,0.5,0.2843,344.96,5.1,47,0.62,0,-2603,15,8,1.875,0,0.133333333,0.1333,Sylas - Top
Vayne,CJSphinx,Top,1,0,11,1,0.4167,368.44,5.61,66,0.63,0,-1033,1,1,1,0,1,1,Vayne - Top
Vladimir,Tenacity,Top,1,1,16,7,0.2593,509.04,9.53,72,0.57,17,1413,8,5,1.6,1,0.125,0.125,Vladimir - Top
Vladimir,Quas,Top,1,1,16,7.5,0.8333,747.58,8.03,79,0.92,4,273,8,5,1.6,1,0.125,0.125,Vladimir - Top
Vladimir,Tony Top,Top,4,0.75,16.75,4.33,0.5005,510.86,8.14,72,0.82,2.75,721.5,8,5,1.6,0.75,0.5,0.5,Vladimir - Top
Vladimir,Dinka,Top,1,0,15,0.67,0.25,348.87,7.47,61,0.49,0,-1034,8,5,1.6,0,0.125,0.125,Vladimir - Top
Vladimir,Brown Man Darius,Top,1,0,13,2.67,0.6667,694.27,7.36,83,0.97,0,-515,8,5,1.6,0,0.125,0.125,Vladimir - Top
Volibear,Rodov,Top,4,1,14.5,4.78,0.5294,477.59,7.09,74.75,0.72,1.25,1098.75,49,15,3.266666667,1,0.081632653,0.0816,Volibear - Top
Volibear,Aetheres,Top,3,1,15,1.84,0.4413,732.39,6.93,67.33,0.8,7.33,652,49,15,3.266666667,1,0.06122449,0.0612,Volibear - Top
Volibear,A 5,Top,1,1,16,5.5,0.4783,433.88,6.84,64,0.85,4,2449,49,15,3.266666667,1,0.020408163,0.0204,Volibear - Top
Volibear,Quas,Top,3,0.6667,14.33,1.21,0.2824,330.25,5.64,64,0.58,0.67,-849,49,15,3.266666667,0.6667,0.06122449,0.0612,Volibear - Top
Volibear,Engo,Top,7,0.5714,15,2.82,0.5089,502.94,6.94,74.43,1.01,2.29,471.43,49,15,3.266666667,0.5714,0.142857143,0.1429,Volibear - Top
Volibear,XQC ALPHA SNIPER,Top,2,0.5,16.5,3.29,0.4144,586.63,7.68,80,0.84,4.5,1845.5,49,15,3.266666667,0.5,0.040816327,0.0408,Volibear - Top
Volibear,TheRealPhilip,Top,2,0.5,16,2.75,0.6058,344.85,6.55,70,0.92,0,131,49,15,3.266666667,0.5,0.040816327,0.0408,Volibear - Top
Volibear,Dragoon,Top,2,0.5,16.5,3.14,0.5982,371.16,5.32,48,0.72,0.5,64,49,15,3.266666667,0.5,0.040816327,0.0408,Volibear - Top
Volibear,PieCakeLord,Top,10,0.3,16,2.09,0.5808,474.52,6.05,65.8,0.9,1.5,227.9,49,15,3.266666667,0.3,0.204081633,0.2041,Volibear - Top
Volibear,InchesEvan,Top,6,0.1667,14.17,1.53,0.5848,350,6.19,69.5,0.73,0.67,-235.33,49,15,3.266666667,0.1667,0.12244898,0.1224,Volibear - Top
Volibear,Tony Top,Top,2,0,13.5,1.18,0.3609,334.17,5.64,63.5,1.06,0,-1645,49,15,3.266666667,0,0.040816327,0.0408,Volibear - Top
Volibear,Lawrence,Top,1,0,11,0,0,231.82,9.09,88,0.52,4,896,49,15,3.266666667,0,0.020408163,0.0204,Volibear - Top
Volibear,Gible,Top,4,0,14.75,1.55,0.5043,497.34,6.73,69.5,0.7,0,-541,49,15,3.266666667,0,0.081632653,0.0816,Volibear - Top
Volibear,Dinka,Top,1,0,18,2.25,0.5294,778.89,8.35,67,0.92,42,2789,49,15,3.266666667,0,0.020408163,0.0204,Volibear - Top
Volibear,Brown Man Darius,Top,1,0,13,1.67,0.5556,266,5.94,72,0.93,0,816,49,15,3.266666667,0,0.020408163,0.0204,Volibear - Top
Wukong,PieCakeLord,Top,7,0.8571,14.86,3.32,0.5118,529.4,6.9,64.43,0.69,3,416.29,72,16,4.5,0.8571,0.097222222,0.0972,Wukong - Top
Wukong,TheRealPhilip,Top,9,0.6667,15.22,2.56,0.3811,492.89,6.07,65,0.82,2.89,-240.33,72,16,4.5,0.6667,0.125,0.125,Wukong - Top
Wukong,Quas,Top,8,0.625,14.25,4.25,0.5514,428.51,7.22,61.75,0.87,2.75,-184.13,72,16,4.5,0.625,0.111111111,0.1111,Wukong - Top
Wukong,Engo,Top,5,0.6,16.8,2.96,0.5135,550.93,6.93,70.8,0.94,2.2,-15.4,72,16,4.5,0.6,0.069444444,0.0694,Wukong - Top
Wukong,Niles,Top,2,0.5,15.5,1.6,0.562,528.12,6.71,78.5,0.81,4,903,72,16,4.5,0.5,0.027777778,0.0278,Wukong - Top
Wukong,Mateusz,Top,4,0.5,15,3.69,0.4954,548.18,6.43,56.5,0.75,2,-1280,72,16,4.5,0.5,0.055555556,0.0556,Wukong - Top
Wukong,Lawrence,Top,6,0.5,14.5,1.26,0.4442,407.88,6.25,70.17,0.89,1.83,171.67,72,16,4.5,0.5,0.083333333,0.0833,Wukong - Top
Wukong,InchesEvan,Top,4,0.5,14.25,1.75,0.5394,442.46,6.58,64.25,0.56,0,-627,72,16,4.5,0.5,0.055555556,0.0556,Wukong - Top
Wukong,Tony Top,Top,12,0.3333,15.83,2.21,0.5531,407.77,6.88,67,0.75,0,12.17,72,16,4.5,0.3333,0.166666667,0.1667,Wukong - Top
Wukong,XQC ALPHA SNIPER,Top,1,0,13,1.75,0.7,448.42,6.4,51,0.45,0,-808,72,16,4.5,0,0.013888889,0.0139,Wukong - Top
Wukong,T21 Kedeck,Top,3,0,13.33,1.28,0.7801,453.7,6.28,59,0.61,2.67,-1331,72,16,4.5,0,0.041666667,0.0417,Wukong - Top
Wukong,Rodov,Top,1,0,15,0.6,0.2727,205.1,6.04,69,0.6,0,-1492,72,16,4.5,0,0.013888889,0.0139,Wukong - Top
Wukong,Gible,Top,3,0,16,1.57,0.5647,443.07,7.26,75,0.63,6.33,1056.67,72,16,4.5,0,0.041666667,0.0417,Wukong - Top
Wukong,CJSphinx,Top,2,0,13.5,0.92,0.4353,514.81,5.86,61.5,0.6,0,803,72,16,4.5,0,0.027777778,0.0278,Wukong - Top
Wukong,Aetheres,Top,3,0,14.67,0.95,0.4492,596.74,6.61,63.67,0.89,2.67,-410.33,72,16,4.5,0,0.041666667,0.0417,Wukong - Top
Wukong,A 5,Top,2,0,16,1.83,0.5323,566.51,6.95,64,0.67,0,83.5,72,16,4.5,0,0.027777778,0.0278,Wukong - Top
Yasuo,Brown Man Darius,Top,1,1,11,11,0.5238,466.5,8.44,75,0.7,1,4080,1,1,1,1,1,1,Yasuo - Top
